,AssetNumber,AssetIdentifier
0,75946582969,Spread 4B - NB
55,43132175891,Spread 5B - SB
193,99369489819,Spread 2 - SB
330,18357457077,Spread Burnaby to Westridge - SB
465,34592545857,Spread Reactivation Hinton to Hargraves - SB
602,35374012671,Spread 4B - SB
735,76957583556,Spread 3/4A - SB
870,59948387105,Spread 3/4A - NB
1003,78675781636,AP 5-D-98-A • NB • Macro Spiecapag JV
1138,71808680042,"AP 3-B-17-A, AP 3-B-Hwy 5-3, AP 3-B-Hwy 5-4 • NB • Ledcor Sicim LP • 517.5"
1273,55865047855,AP 4-A-9-A • NB • Ledcor Sicim LP • 621.7
1407,51881464571,MRPP-AP 31 • NB • Ledcor Sicim LP • 457.4
1540,21927890768,"AP 3-C-72-B, AP 3-C-73-A • NB • Ledcor Sicim LP • 597.2"
1675,97867950280,AP 4-A-22-A • NB • Ledcor Sicim LP • 641.1
1809,50538588386,AP 4-A-42-A • SB • Ledcor Sicim LP • 669.9
1944,33018599622,MRPP-AP 14 • SB • Ledcor Sicim LP • 422.8
2078,98502724062,"AP 4-B-112-A, AP 4-B-112-A-1 • NB • Ledcor Sicim LP • 723.9"
2213,19813765728,AP 5-D-106-C-2 • SB • Macro Spiecapag JV
2347,84067785913,"AP 4-B-97-A, AP 4-B-98-A, AP 4-B-99-A, AP 4-B-100-A-1, AP 4-B-100-A-2 • NB • Ledcor Sicim LP"
2481,49923813616,MRPP-AP 11 • SB • Ledcor Sicim LP
2616,86523056182,AP 4-A-9-A • SB • Ledcor Sicim LP • 621.7
2750,22494493272,"AP 3-C-53-A, AP 3-C-55-A • NB • Ledcor Sicim LP • 557.5"
2884,29374539375,AP 4-A-42-A • NB • Ledcor Sicim LP • 669.9
3018,51967047367,AP 5-D-99-A • NB • Macro Spiecapag JV
3151,11878053845,AP 5-D-98-A • SB • Macro Spiecapag JV
3284,65070790058,"AP 4-B-112-A, AP 4-B-112-A-1 • SB • Ledcor Sicim LP • 723.9"
3419,65624404929,AP 4-A-22-A • SB • Ledcor Sicim LP • 641.1
3555,30623181508,"AP 3-C-50-B, AP 3-C-52-A • SB • Ledcor Sicim LP • 549"
3690,15639905483,"AP 3-C-Hwy 5-10, AP 3-C-Hwy 5-9 • NB • Ledcor Sicim LP • 605.5"
3825,43480204674,"AP 3-C-Hwy 5-10, AP 3-C-Hwy 5-9 • SB • Ledcor Sicim LP • 605.5"
3961,19745290983,"AP 3-C-72-B, AP 3-C-73-A • SB • Ledcor Sicim LP • 597.2"
4096,50195678222,"AP 3-A-4, AP 3-B-5, AP 3-B-6 • SB • Ledcor Sicim LP • 506"
4231,89050175791,AP 5-D-106-C-2 • NB • Macro Spiecapag JV
4365,89649936309,"AP 3-C-50-B, AP 3-C-52-A • NB • Ledcor Sicim LP • 549"
4501,15186429674,AP 5-D-99-A • SB • Macro Spiecapag JV
4635,60697328991,"AP 4-B-97-A, AP 4-B-98-A, AP 4-B-99-A, AP 4-B-100-A-1, AP 4-B-100-A-2 • SB • Ledcor Sicim LP"
4770,22667712850,"AP 4-A-53-A, AP 4-A-Hwy 5-28 • SB • Ledcor Sicim LP • 682.1"
4905,23473284594,MRPP-AP 14 • NB • Ledcor Sicim LP • 422.8
5039,79348395311,"AP 4-A-53-A, AP 4-A-Hwy 5-28 • NB • Ledcor Sicim LP • 682.1"
5175,69405667044,"AP 5-D-100-A, AP 5-D-100.1-A • NB • Macro Spiecapag JV"
5307,22685608926,AP-7-A-GAGLARDI WAY-1 • SB • KLTP • 1176
5439,39141309320,"AP 5-D-100-A, AP 5-D-100.1-A • SB • Macro Spiecapag JV"
5572,98626596943,"AP 3-B-17-A, AP 3-B-Hwy 5-3, AP 3-B-Hwy 5-4 • SB • Ledcor Sicim LP • 517.5"
5708,75785193191,AP 3-C-51-A • SB • Ledcor Sicim LP • 551.7
5844,23793412409,"AP 3-C-53-A, AP 3-C-55-A • SB • Ledcor Sicim LP • 557.5"
5977,96127319335,"AP 3-A-4, AP 3-B-5, AP 3-B-6 • NB • Ledcor Sicim LP • 506"
6112,29549024075,"AP 3-B-33-A, AP 3-C-34-A • SB • Ledcor Sicim LP • 525.9"
6247,90902630967,AP 3-C-51-A • NB • Ledcor Sicim LP • 551.7
6382,45764723962,MRPP-AP 31 • SB • Ledcor Sicim LP • 457.4
6516,87275350452,"AP 3-B-33-A, AP 3-C-34-A • NB • Ledcor Sicim LP • 525.9"
6651,82920887808,MRPP-AP-11 • NB • Ledcor Sicim LP
6786,80002045894,SB HWY-5 Fort George • 191005
6925,36674989230,NB - Lower Mainland • 191637
7064,58938837174,NB HWY-5 Fort George • 191004
7203,99945336683,SB HWY-5 Thompson-Nicola • 191634
7343,47044236603,SB - Lower Mainland • 191636
7481,18939973379,NB HWY-5 Thompson-Nicola • 191007
7619,96802706037,Complete Route SB • 191655
7756,48672805900,Complete Route NB • 191644
7894,76933667429,Spread Reactivation Darfield to Blackpines - SB
8032,62350626747,Spread 2 - NB
8170,62018149455,Spread 6 - SB
8308,68881926366,Spread Reactivation Darfield to Blackpines - NB
8446,44853071770,Spread Reactivation Hinton to Hargraves - NB
8583,59711435013,Spread 7 - NB
8721,14058367507,Spread 6 - NB
8858,50253718586,Spread 5A - SB
8994,20828851697,Spread 5A - NB
9131,43805438913,Spread Burnaby to Westridge - NB
9268,75253303334,Spread 5B - NB
9404,88582155367,Spread 7 - SB
500522,73174024548,"AP 6-A-63-A, AP 6-A-64-B, AP 6-A-64-C • NB • Macro Spiecapag JV • 1070.2"
500657,25270109160,"AP 6-A-63-A, AP 6-A-64-B, AP 6-A-64-C • SB • Macro Spiecapag JV • 1070.2"
1000016,42943539227,MRPP-AP 6 • NB • Ledcor Sicim LP • 414
1000017,90936721970,MRPP-AP 25 • SB • Ledcor Sicim LP • 440.9
1000018,94947990555,MRPP-AP 25 • NB • Ledcor Sicim LP • 440.9
1000019,17215461295,MRPP-AP 30 • SB • Ledcor Sicim LP • 457.4
1000020,97072447088,MRPP-AP 6 • SB • Ledcor Sicim LP • 414
1000021,95259282126,AP-7-A-SOUTH FRASER PERIMETER RD-B • SB • KLTP • 1166
1000022,37528363723,AP-7-A-SOUTH FRASER PERIMETER RD-B • NB • KLTP • 1166
1000024,75369537619,MRPP-AP 30 • NB • Ledcor Sicim LP • 457.4
1011327,92325250988,MRPP-AP 29 • SB • Ledcor Sicim LP • 451.9
1011330,91194552378,MRPP-AP 29 • NB • Ledcor Sicim LP • 451.9
1027206,25290248946,AP 6-A-13-A • SB • Macro Spiecapag JV
1027207,67094374825,AP 6-A-13-A • NB • Macro Spiecapag JV
1027237,98128214373,AP 6-A-61-B • NB • Macro Spiecapag JV
1027240,26620220646,AP 6-A-Hwy 1 E-3 • NB • Macro Spiecapag JV • 1071.5
1027241,22374545720,AP 6-A-61-B • SB • Macro Spiecapag JV
1027250,53956931309,AP 6-A-Hwy 1 E-3 • SB • Macro Spiecapag JV • 1071.5
1037493,11840206827,MRPP-AP 11-A • SB • Ledcor Sicim LP • 418.75
1037497,93967088503,MRPP-AP 11-A • NB • Ledcor Sicim LP • 418.75
1046091,80864304032,"AP 3-C-80.1-A, AP 3-C-81-C • NB • Ledcor Sicim LP • 609.8"
1046098,56416848379,"AP 3-C-62-A, AP 3-C-63-A • SB • Ledcor Sicim LP • 578.4"
1046101,79873216290,"AP 3-C-62-A, AP 3-C-63-A • NB • Ledcor Sicim LP • 578.4"
1046103,71758011730,AP 3-C-60-G • SB • Ledcor Sicim LP • 568
1046105,92281098181,AP 3-C-60-G • NB • Ledcor Sicim LP • 568
1046135,50744787359,"AP 3-C-49.1-A, AP 3-C-49.1-B • NB • Ledcor Sicim LP • 548.2"
1046137,84220168833,"AP 3-C-49.1-A, AP 3-C-49.1-B • SB • Ledcor Sicim LP • 548.2"
1046194,93884933780,AP 4-B-120-B • SB • Ledcor Sicim LP • 733.1
1046200,66805775749,AP 4-B-120-B • NB • Ledcor Sicim LP • 733.1
1046462,78505615544,"AP 4-B-115-B-5, AP 4-B-115-B-6, AP 4-B-115-C • NB • Ledcor Sicim LP • 728.3"
1046473,86501172080,"AP 4-B-115-B-5, AP 4-B-115-B-6, AP 4-B-115-C • SB • Ledcor Sicim LP • 728.3"
1059998,61325418624,"AP 3-C-56-A, AP 3-C-57-A, AP 3-C-Hwy 5-4 • SB • Ledcor Sicim LP • 559.6"
1060003,81707818641,AP 3-C-69-A • NB • Ledcor Sicim LP • 589.4
1060005,90463265505,"AP 3-C-56-A, AP 3-C-57-A, AP 3-C-Hwy 5-4 • NB • Ledcor Sicim LP • 559.6"
1060008,84498234371,AP 3-C-79-A • NB • Ledcor Sicim LP • 607.3
1060012,43926278006,AP 3-C-79-A • SB • Ledcor Sicim LP • 607.3
1060014,22066491450,AP 3-C-69-A • SB • Ledcor Sicim LP • 589.4
1060060,21312749164,"AP 3-C-80.1-A, AP 3-C-81-C • SB • Ledcor Sicim LP • 609.8"
1060083,82161912029,"AP 4-B-100-A-1, AP 4-B-100-A-2 • NB • Ledcor Sicim LP • 714.1"
1060125,60064182556,AP 4-B-125-C • N/A • Ledcor Sicim LP • 746.7
1060128,74245035624,AP 4-B-138-B • SB • Ledcor Sicim LP • 756.5
1060145,43957798196,"AP 4-B-100-A-1, AP 4-B-100-A-2 • SB • Ledcor Sicim LP • 714.1"
1060157,90908258954,AP 4-B-138-B • NB • Ledcor Sicim LP • 756.5
1075136,54509208931,MRPP-AP 2 • NB • Ledcor Sicim LP • 408.8
1075144,33379829945,MRPP-AP 2 • SB • Ledcor Sicim LP • 408.8
1087586,10897197432,AP 3-B-12-A-1 • SB • Ledcor Sicim LP • 511.9
1087588,62134790681,AP 3-B-12-A-1 • NB • Ledcor Sicim LP • 511.9
1087928,11297073233,"AP 4-B-143-A, AP 4-B-144-A, AP 4-B-145-A • NB • Ledcor Sicim LP • 760.5"
1087929,42238078130,"AP 4-B-143-A, AP 4-B-144-A, AP 4-B-145-A • SB • Ledcor Sicim LP • 760.5"
1099473,25033704574,AP 4-A-15-A • SB • Ledcor Sicim LP • 632.9
1099477,89235725358,AP 3-C-37-A • NB • Ledcor Sicim LP • 531
1099483,40019229882,AP 3-C-68-B • SB • Ledcor Sicim LP • 588.5
1099485,66070555709,AP 4-A-15-A • NB • Ledcor Sicim LP • 632.9
1099489,64076632864,AP 3-C-37-A • SB • Ledcor Sicim LP • 531
1099501,80403137993,AP 3-C-68-B • NB • Ledcor Sicim LP • 588.5
1099536,65878214789,AP 4-B-97-A • NB • Ledcor Sicim LP • 712.6
1099550,42332816772,AP 4-B-97-A • SB • Ledcor Sicim LP • 712.6
1099744,82655752068,"AP 4-B-118-B, AP-4-B-160-B • NB • Ledcor Sicim LP • 732.6"
1099753,67130106041,"AP 4-B-118-B, AP-4-B-160-B • SB • Ledcor Sicim LP • 732.6"
1113757,20575538255,"AP 4-B-146-A, AP 4-B-146-A-1, AP 4-B-146-A-2 • SB • Ledcor Sicim LP • 761.7"
1113764,10099718500,"AP 4-B-146-A, AP 4-B-146-A-1, AP 4-B-146-A-2 • NB • Ledcor Sicim LP • 761.7"
1113795,92760938388,AP 4-B-127-A • N/A • Ledcor Sicim LP • 747.9
1113799,66890299701,AP 4-B-115-F • SB • Ledcor Sicim LP • 731
1113805,24883923271,AP 4-A-7-A • NB • Ledcor Sicim LP • 613.9
1113811,63914444458,AP 4-B-115-F • NB • Ledcor Sicim LP • 731
1113813,42282849941,AP 4-A-7-A • SB • Ledcor Sicim LP • 613.9
1113844,54264025222,AP 3-C-71-A • NB • Ledcor Sicim LP • 594.6
1113849,24518403970,AP 3-C-71-A • SB • Ledcor Sicim LP • 594.6
1113921,64277836054,"AP 3-B-10, AP 3-B-11, AP 3-B-Hwy 5-1, AP 3-B-Hwy 5-2 • SB • Ledcor Sicim LP • 509.1"
1113938,14014037003,"AP 3-B-10, AP 3-B-11, AP 3-B-Hwy 5-1, AP 3-B-Hwy 5-2 • NB • Ledcor Sicim LP • 509.1"
1114336,41838453577,"AP 3-C-81-C-1, AP 3-C-81-C-2 • SB • Ledcor Sicim LP • 610.4"
1114340,29368392925,"AP 3-C-81-C-1, AP 3-C-81-C-2 • NB • Ledcor Sicim LP • 610.4"
1127796,33388067973,"AP 3-C-43-A, AP 3-C-44-A, AP 3-C-45-B, AP 3-C-46-A • SB • Ledcor Sicim LP • 539.8"
1127802,88786298092,"AP 3-C-43-A, AP 3-C-44-A, AP 3-C-45-B, AP 3-C-46-A • NB • Ledcor Sicim LP • 539.8"
1140397,76506638536,AP 4-A-19-A • SB • Ledcor Sicim LP • 636
1140399,99675721151,AP 4-A-19-A • NB • Ledcor Sicim LP • 636
1140483,84288924497,AP 3-C-52-E • SB • Ledcor Sicim LP • 554.6
1140484,84204357923,AP 3-C-52-E • NB • Ledcor Sicim LP • 554.6
1153116,43494072994,"AP 3-B-7, AP 3-B-8, AP 3-B-9 • SB • Ledcor Sicim LP • 507"
1153117,93064852668,"AP 3-B-7, AP 3-B-8, AP 3-B-9 • NB • Ledcor Sicim LP • 507"
1153146,16130369879,AP 4-A-32-A • NB • Ledcor Sicim LP • 655.6
1153147,38849870203,AP 4-A-Hwy 5-20 • SB • Ledcor Sicim LP • 644.9
1153148,92719569042,AP 4-A-32-A • SB • Ledcor Sicim LP • 655.6
1153151,19316607964,AP 4-A-Hwy 5-20 • NB • Ledcor Sicim LP • 644.9
1153228,64316447795,AP 4-A-12-A • NB • Ledcor Sicim LP • 627.3
1153243,94695340709,AP 4-A-12-A • SB • Ledcor Sicim LP • 627.3
1176157,98238560078,AP 4-A-Hwy 5-19 • NB • Ledcor Sicim LP • 643.4
1176161,63877082333,AP 4-A-13-A • NB • Ledcor Sicim LP • 628.4
1176170,27969778633,AP 4-A-Hwy 5-19 • SB • Ledcor Sicim LP • 643.4
1176202,38343347632,AP 4-A-13-A • SB • Ledcor Sicim LP • 628.4
1187303,69397841741,AP 3-C-38-A • NB • Ledcor Sicim LP • 532.3
1187307,83775772469,AP 3-C-38-A • SB • Ledcor Sicim LP • 532.3
1195042,12738620179,AP 6-A-59-A • SB • Macro Spiecapag JV • 1064.8
1195057,71201082738,AP 6-A-59-A • NB • Macro Spiecapag JV • 1064.8
1200093,19245554694,AP 3-C-70-A • SB • Ledcor Sicim LP • 593.8
1200095,17960997656,"AP 3-C-77-B, AP 3-C-77-C • SB • Ledcor Sicim LP • 604.1"
1200096,48287165966,"AP 3-C-77-B, AP 3-C-77-C • NB • Ledcor Sicim LP • 604.1"
1200097,69422269667,AP 3-C-70-A • NB • Ledcor Sicim LP • 593.8
1214899,82142153201,"AP 4-A-2-A-1, AP 4-A-2-A-2 • NB • Ledcor Sicim LP • 610.9"
1214903,86398967383,AP 4-A-3-A • N/A • Ledcor Sicim LP • 611.2
1214904,58131120333,"AP 4-A-2-A-1, AP 4-A-2-A-2 • SB • Ledcor Sicim LP • 610.9"
1214983,19814667285,AP 4-A-25-A • NB • Ledcor Sicim LP • 644.2
1214997,46872764443,AP 4-A-25-A • SB • Ledcor Sicim LP • 644.2
1215152,23782465685,MRPP-AP 7 • SB • Ledcor Sicim LP • 418
1215168,22995865667,MRPP-AP 7 • NB • Ledcor Sicim LP • 418
1230326,53057499933,AP 4-A-Hwy 5-17 • SB • Ledcor Sicim LP • 637.7
1230341,99152507318,AP 4-A-Hwy 5-17 • NB • Ledcor Sicim LP • 637.7
1230375,42000211195,AP-3-B-82-2 • SB • Ledcor Sicim LP • 505.2
1230388,87069830120,AP 4-A-Hwy 5-27 • NB • Ledcor Sicim LP • 678
1230389,18758701810,AP 4-A-Hwy 5-27 • SB • Ledcor Sicim LP • 678
1230398,13594795150,AP-3-B-82-2 • NB • Ledcor Sicim LP • 505.2
1244701,91121536486,AP 4-B-150-A • SB • Ledcor Sicim LP • 769
1244703,65111330349,AP 4-B-150-A • NB • Ledcor Sicim LP • 769
1245012,86408938872,AP 4-B-114-A • SB • Ledcor Sicim LP • 726.1
1245015,94011949749,AP 4-B-114-A • NB • Ledcor Sicim LP • 726.1
1269767,90166868534,AP 4-B-132-A • NB • Ledcor Sicim LP • 752.5
1269777,29597296420,AP 4-B-115-G • N/A • Ledcor Sicim LP
1269785,91721645817,AP 4-B-132-A • SB • Ledcor Sicim LP • 752.5
1278492,22456413740,AP 6-A-Hwy 1 E-2 • SB • Macro Spiecapag JV • 1052
1278497,55858030442,AP 6-A-Hwy 1 E-2 • NB • Macro Spiecapag JV • 1052
1284839,57029589490,AP 4-B-73-A • NB • Ledcor Sicim LP • 698.3
1284849,63364422783,AP 4-B-73-A • SB • Ledcor Sicim LP • 698.3
1298765,17980064935,AP 4-A-26-A • NB • Ledcor Sicim LP • 646.6
1298766,56640656683,AP 4-A-26-A • SB • Ledcor Sicim LP • 646.6
1298841,75790313444,"AP 3-B-15-A, AP 3-B-16-B • N/A • Ledcor Sicim LP • 515.1"
1298846,73941780958,AP 3-B-15-A • N/A • Ledcor Sicim LP
1307906,88779822862,"AP-7-A-BRUNETTE AVE ONRAMP, AP-7-A-BRUNETTE AVE OFFRAMP • N/A • KLTP • 1173"
1313202,14883352284,AP 4-A-44-A • SB • Ledcor Sicim LP • 672.8
1313212,87832929586,AP 4-A-44-A • NB • Ledcor Sicim LP • 672.8
1313244,53330524217,AP 3-C-59-A • SB • Ledcor Sicim LP • 563.2
1313250,92666800686,AP 3-C-59-A • NB • Ledcor Sicim LP • 563.2
1326908,24617595457,MRPP-AP 9-B • SB • Ledcor Sicim LP • 419.2
1326910,42450766624,MRPP-AP 9-B • NB • Ledcor Sicim LP • 419.2
1327089,59441524480,"AP 3-C-41-A, AP 3-C-42-A • SB • Ledcor Sicim LP • 537"
1327099,21550771877,"AP 3-C-41-A, AP 3-C-42-A • NB • Ledcor Sicim LP • 537"
1327153,96372842175,"AP 3-B-23.1-A, AP 3-B-23.1-D • SB • Ledcor Sicim LP • 523.2"
1327157,87689561403,"AP 3-B-23.1-A, AP 3-B-23.1-D • NB • Ledcor Sicim LP • 523.2"
1327215,54027041614,AP 4-A-60-A • SB • Ledcor Sicim LP • 688.4
1327228,69140817839,AP 4-A-60-A • NB • Ledcor Sicim LP • 688.4
1341314,37709753226,AP 3-C-36-A • SB • Ledcor Sicim LP • 529.9
1341318,32619387794,AP 3-C-35-C • SB • Ledcor Sicim LP • 526.9
1341324,32211388294,AP 3-C-36-A • NB • Ledcor Sicim LP • 529.9
1341325,40822621367,AP 3-C-35-C • NB • Ledcor Sicim LP • 526.9
1364487,61149462439,"AP 6-A-4-A, AP 6-A-7-B, AP 6-A-5-A • NB • Macro Spiecapag JV"
1364489,83015587391,"AP 6-A-4-A, AP 6-A-7-B, AP 6-A-5-A • SB • Macro Spiecapag JV"
2173348,88779822862,"AP-7-A-BRUNETTE AVE ONRAMP, AP-7-A-BRUNETTE AVE OFFRAMP • NB • KLTP • 1173"
2235230,75823833640,"AP 4-B-65-A, AP 4-B-65-A-1, AP 4-B-65-A-2 • NB • Ledcor Sicim LP • 691.1"
2235232,88799434504,"AP 4-B-65-A, AP 4-B-65-A-1, AP 4-B-65-A-2 • SB • Ledcor Sicim LP • 691.1"
2250914,20254556742,AP 4-A-51-E • SB • Ledcor Sicim LP • 681.6
2250916,38283143270,AP 4-A-51-E • NB • Ledcor Sicim LP • 681.6
2266130,10004407918,AP 4-A-20-A • NB • Ledcor Sicim LP • 638.6
2266142,45403214061,AP 4-A-20-A • SB • Ledcor Sicim LP • 638.6
2266184,19866794678,AP 3-B-22-B • SB • Ledcor Sicim LP • 521.6
2266243,86411712234,AP 3-B-22-B • NB • Ledcor Sicim LP • 521.6
2267707,83930950460,AP 4-B-98-A • NB • Ledcor Sicim LP • 712.9
2267710,44096463376,AP 4-B-98-A • SB • Ledcor Sicim LP • 712.9
2281810,89611917714,MRPP-AP 27B • SB • Ledcor Sicim LP • 448.1
2281826,11042076244,MRPP-AP 27B • NB • Ledcor Sicim LP • 448.1
2295474,27878205668,AP 4-A-Hwy 5-16 • SB • Ledcor Sicim LP • 628.4
2295476,63489702860,AP 4-A-Hwy 5-16 • NB • Ledcor Sicim LP • 628.4
2295517,86710465442,AP 3-B-22.1-A • SB • Ledcor Sicim LP • 521.3
2295528,12768050215,AP 3-B-13-A-1 • NB • Ledcor Sicim LP • 513.2
2295530,65827538011,AP 3-B-22.1-A • NB • Ledcor Sicim LP • 521.3
2295584,56678162306,AP 3-B-13-A-1 • SB • Ledcor Sicim LP • 513.2
2295638,75920298452,AP 4-B-133-A • SB • Ledcor Sicim LP • 752.7
2295642,54084450653,AP 4-B-133-A • NB • Ledcor Sicim LP • 752.7
2333304,17682621065,"AP 3-C-75-A, AP 3-C-76-B • SB • Ledcor Sicim LP • 601.2"
2333306,33662803842,"AP 3-C-75-A, AP 3-C-76-B • NB • Ledcor Sicim LP • 601.2"
2376931,98684633410,AP 4-A-23-A • NB • Ledcor Sicim LP • 642.6
2376977,65372572275,AP 4-A-23-A • SB • Ledcor Sicim LP • 642.6
2382926,15381206794,AP 6-A-65-A • NB • Macro Spiecapag JV • 1072.4
2382960,21205040197,AP 6-A-65-A • SB • Macro Spiecapag JV • 1072.4
2388332,19816868247,AP 4-A-48-A • SB • Ledcor Sicim LP • 678.5
2388339,35525331341,AP 4-A-48-A • NB • Ledcor Sicim LP • 678.5
2388385,72495793531,MRPP-AP 37 • NB • Ledcor Sicim LP • 462.6
2388388,44374480886,MRPP-AP 37 • SB • Ledcor Sicim LP • 462.6
2388522,43957488191,AP 4-B-72-A • NB • Ledcor Sicim LP • 697.8
2388526,66330978137,AP 4-B-72-A • SB • Ledcor Sicim LP • 697.8
2443683,70209232118,"AP 4-A-59-A, AP 4-A-59-B • SB • Ledcor Sicim LP • 688.1"
2443720,95419284783,"AP 4-A-59-A, AP 4-A-59-B • NB • Ledcor Sicim LP • 688.1"
2471742,21233905712,AP 4-A-52-A • SB • Ledcor Sicim LP • 681.9
2471746,61952421334,AP 4-A-52-A • NB • Ledcor Sicim LP • 681.9
2471779,60635015197,"AP 4-A-37-A, AP 4-A-38-A • NB • Ledcor Sicim LP • 662.8"
2471780,53283542601,AP 4-A-45-A • NB • Ledcor Sicim LP • 673.7
2471781,61682008977,"AP 4-A-37-A, AP 4-A-38-A • SB • Ledcor Sicim LP • 662.8"
2471784,51982457329,AP 4-A-45.1-A • SB • Ledcor Sicim LP • 674.3
2471789,52453685172,AP 4-A-45-A • SB • Ledcor Sicim LP • 673.7
2471790,68919285474,AP 4-A-45.1-A • NB • Ledcor Sicim LP • 674.3
2500777,24855910153,AP 4-A-35-A • NB • Ledcor Sicim LP • 659.7
2500778,81303692544,AP 4-A-46-A • NB • Ledcor Sicim LP • 675.9
2500780,74428256782,AP 6-A-46-A • NB • Macro Spiecapag JV • 1054.3
2500786,62153236820,AP 4-A-35-A • SB • Ledcor Sicim LP • 659.7
2500818,79485836818,AP 3-C-65-A • NB • Ledcor Sicim LP • 580.2
2500832,98623808284,AP 3-C-65-A • SB • Ledcor Sicim LP • 580.2
2513674,32553085010,MRPP-AP 5 • SB • Ledcor Sicim LP • 413.1
2513682,13379686298,MRPP-AP 5 • NB • Ledcor Sicim LP • 413.1
2514480,53174781160,AP 4-A-Hwy 5-26 • SB • Ledcor Sicim LP • 675.2
2514495,71869458020,AP 4-A-46-A • SB • Ledcor Sicim LP • 675.9
2514528,85006271511,AP 4-A-Hwy 5-26 • NB • Ledcor Sicim LP • 675.2
2514673,82653824566,AP-5-B-63.1-882.6 • N/A • Surerus Murphy JV • 879.8
2514681,38113290200,AP 5-B-48-B • N/A • Surerus Murphy JV • 886.2
2548270,79946944728,AP 4-A-Hwy 5-18 • SB • Ledcor Sicim LP • 638.2
2548329,99994344960,AP 4-A-Hwy 5-18 • NB • Ledcor Sicim LP • 638.2
2554691,86704972236,AP 6-A-66-A • NB • Macro Spiecapag JV • 1073.6
2554695,47221150421,AP 6-A-66-A • SB • Macro Spiecapag JV • 1073.6
2571295,49588776280,"AP 3-C-58-A, AP 3-C-58.1-A • SB • Ledcor Sicim LP • 563.1"
2571299,91388951517,"AP 3-C-58-A, AP 3-C-58.1-A • NB • Ledcor Sicim LP • 563.1"
2583525,84240753195,AP-3-C-80-A • NB • Ledcor Sicim LP • 607.8
2583536,43109594876,AP-3-C-80-A • SB • Ledcor Sicim LP • 607.8
2597270,90357908877,AP 4-A-Hwy 5-25 • NB • Ledcor Sicim LP • 664.8
2597290,62587571380,AP 4-A-Hwy 5-25 • SB • Ledcor Sicim LP • 664.8
2619693,67983640838,AP 4-A-57-A • NB • Ledcor Sicim LP • 684.6
2619694,87801638893,AP 4-A-57-A • SB • Ledcor Sicim LP • 684.6
2672016,53324509321,AP 4-A-54-A • NB • Ledcor Sicim LP • 682.8
2672019,22196485007,AP 4-A-54-A • SB • Ledcor Sicim LP • 682.8
2672117,77197634355,AP 4-A-Hwy5-13 • NB • Ledcor Sicim LP • 625.9
2672120,29768988941,AP 4-A-Hwy5-13 • SB • Ledcor Sicim LP • 625.9
2673445,49535598971,AP 4-B-120-B-4 • N/A • Ledcor Sicim LP • 748.3
2688437,32832948592,"AP 4-B-115-B-3, AP 4-B-115-B-4 • N/A • Ledcor Sicim LP • 727"
2789216,92025613197,AP 4-B-140-A • SB • Ledcor Sicim LP • 758
2789218,36964820488,AP 4-B-140-A • NB • Ledcor Sicim LP • 758
3365845,75187250624,AP-3-B-82-1 • NB • Ledcor Sicim LP
3365968,81232998481,"MRPP-AP-4-A, MRPP-AP-4-B • NB • Ledcor Sicim LP • 552"
3366041,31544977059,AP-3-B-82-1 • SB • Ledcor Sicim LP
3366201,33825903276,"MRPP-AP-4-A, MRPP-AP-4-B • SB • Ledcor Sicim LP • 552"
3368940,14357322467,AP 4-A-14-A • SB • Ledcor Sicim LP • 631.8
3369006,63050337398,AP 4-A-14-A • NB • Ledcor Sicim LP • 631.8
3865486,27743462715,MRPP-AP 18-B • SB • Ledcor Sicim LP • 552
3865490,79980814282,MRPP-AP 16 • NB • Ledcor Sicim LP • 425.6
3865492,25003452273,MRPP-AP 17 • NB • Ledcor Sicim LP • 427.5
3865493,72309843309,MRPP-AP 17 • SB • Ledcor Sicim LP • 427.5
3865495,73463278796,AP 4-A-5-A • NB • Ledcor Sicim LP • 612.6
3865498,15246261041,AP 4-A-5-A • SB • Ledcor Sicim LP • 612.6
3865500,96187352371,"AP 5-A-1-B-8, AP 5-A-1-B-9 • N/A • Surerus Murphy JV • 814.8"
3865508,62917319944,"AP 5-A-1-B-1, AP 5-A-1-B-2 • N/A • Surerus Murphy JV • 806.7"
3865510,23368050886,MRPP-AP 15 • NB • Ledcor Sicim LP • 424.2
3865515,97980030536,"AP 5-A-1-B-5, AP 5-A-1-B-6 • N/A • Surerus Murphy JV • 808.2"
3865524,81559165626,"AP 5-A-1-B-10, AP 5-A-1-B-12 • N/A • Surerus Murphy JV • 816"
3865525,98426103867,"AP 5-A-1-B-3, AP 5-A-1-B-4 • N/A • Surerus Murphy JV • 807.7"
3865530,11350285286,"AP 3-C-64-A, AP 3-C-Hwy 5-5 and, AP 3-C-Hwy 5-6 • SB • Ledcor Sicim LP • 578.6"
3865532,28553437976,MRPP-AP 15 • SB • Ledcor Sicim LP • 424.2
3865533,23468897673,"AP 3-C-64-A, AP 3-C-Hwy 5-5 and, AP 3-C-Hwy 5-6 • NB • Ledcor Sicim LP • 578.6"
3865535,52875362848,"AP 3-C-39-A, AP 3-C-40-B • SB • Ledcor Sicim LP • 535"
3865538,89198832075,"AP 3-C-39-A, AP 3-C-40-B • NB • Ledcor Sicim LP • 535"
3865542,61720250196,MRPP-AP 18-B • NB • Ledcor Sicim LP • 552
3865597,28189536047,MRPP-AP 16 • SB • Ledcor Sicim LP • 425.6
3946676,54250117298,AP-4-B-160-B • N/A • Demo Client • 732.5
3970516,40077671949,AP 5-B-112 • N/A • Surerus Murphy JV • 813.6
3988551,39433063554,AP 5-A-4-B • N/A • Surerus Murphy JV • 816.5
3988568,49419962231,AP 5-A-43-A • N/A • Surerus Murphy JV • 860.2
3992637,57659893790,"MRPP-AP 39, MRPP-AP 40 • N/A • Ledcor Sicim LP • 468.7"
4004560,44818877251,MRPP-AP 38 • SB • Ledcor Sicim LP • 464.3
4004574,32638020178,MRPP-AP 38 • NB • Ledcor Sicim LP • 464.3
4032514,16737347844,AP 5-B-110 • N/A • Surerus Murphy JV • 862.2
4032524,30073767354,"AP 5-A-1-B-7, AP 5-A-2-A • N/A • Surerus Murphy JV • 810.7"
4032589,80245349961,AP 5-B-102 • N/A • Surerus Murphy JV • 808.7
4059665,52288717369,"AP 3-C-35-C-1, AP 3-C-35-C-2 • N/A • Ledcor Sicim LP • 527.4"
4101005,32349862158,AP 4-A-31-A • SB • Ledcor Sicim LP • 654.2
4101006,16574766243,AP 4-A-31-A • NB • Ledcor Sicim LP • 654.2
4124334,62979981755,AP 4-A-39-A • SB • Ledcor Sicim LP • 663.4
4124340,15245417738,AP 4-A-39-A • NB • Ledcor Sicim LP • 663.4
4137617,80785719580,AP 4-A-30-A • SB • Ledcor Sicim LP • 653.7
4137620,63112496169,AP 4-A-30-A • NB • Ledcor Sicim LP • 653.7
4198392,49246220336,AP-4-B-160-B • SB • Demo Client • 732.5
4209770,18763208717,AP 4-A-29-A • NB • Ledcor Sicim LP • 652.6
4209805,67684300102,AP 4-A-29-A • SB • Ledcor Sicim LP • 652.6
4245312,53065585033,AP 4-A-18-B • SB • Ledcor Sicim LP • 634.5
4245316,57154635796,AP 4-A-10-A • NB • Ledcor Sicim LP • 622.8
4245324,11839010268,AP 4-A-18-B • NB • Ledcor Sicim LP • 634.5
4245340,11607995539,AP 4-A-10-A • SB • Ledcor Sicim LP • 622.8
4253398,44878708367,AP 6-A-44-A • NB • Macro Spiecapag JV • 1051
4253399,82444436698,AP 6-A-44-A • SB • Macro Spiecapag JV • 1051
4283720,30783661221,MRPP-AP 28 • NB • Ledcor Sicim LP • 450.9
4287216,69716152192,AP 6-A-58-A • SB • Macro Spiecapag JV • 1064
4287218,35995374947,AP 6-A-58-A • NB • Macro Spiecapag JV • 1064
4365477,22494493272,AP 3-C-53-A and AP 3-C-55-A • NB • Ledcor Sicim LP • 557.5
4365508,51148126352,AP 5-A-7-A • N/A
4365574,23793412409,AP 3-C-53-A and AP 3-C-55-A • SB • Ledcor Sicim LP • 557.5
4365607,83893275900,AP 5-A-10-C • N/A
4979093,96861493271,AP 5-B-107 • N/A • Surerus Murphy JV • 811.1
4979212,18661378775,MRPP-AP 9-C • NB • Ledcor Sicim LP • 419.2
4979215,87354339708,MRPP-AP 9-C • SB • Ledcor Sicim LP • 419.2
6440765,10000009923,Spread 4A Workzones
6447669,86880789658,"AP 3-B-12-A-2, AP 3-B-12-A-3, AP 3-B-12-B-1 • N/A • Ledcor Sicim LP • 512"
6453606,97458597983,AP 5-C-78-B • NB • Surerus Murphy JV • 968.3
6467198,10000009930,Testing Yellowhead EB
6530328,10000009931,Testing ATS CENTER
6633265,77116901831,"AP 3-B-20-A-1, AP 3-B-23 • N/A • Ledcor Sicim LP • 518.8"
6634202,96377892188,"AP 4-B-115-F, AP 4-B-115-C, AP 4-B-115-B-5, AP 4-B-115-B-6 • NB • Ledcor Sicim LP"
6634284,45155434351,"AP 4-B-115-F, AP 4-B-115-C, AP 4-B-115-B-5, AP 4-B-115-B-6 • SB • Ledcor Sicim LP"
6681647,32425805639,AP 5-D-103-A • NB • Macro Spiecapag JV
6681652,71321239042,AP 5-D-103-A • SB • Macro Spiecapag JV
6699844,53487591867,AP 3-C-74-A • NB • Ledcor Sicim LP • 598.8
6699847,20162855869,AP 3-C-74-A • SB • Ledcor Sicim LP • 598.8
6700278,69284622300,AP 5-C-80-B • NB • Surerus Murphy JV • 973.8
6700342,67112289216,AP 5-C-79-A • NB • Surerus Murphy JV • 972.2
6728515,10000009935,Testing Raft River
6870324,61630079816,AP 3-C-58-B • NB • Ledcor Sicim LP • 561.7
6907021,30365271053,AP 3-B-25-B • N/A • Ledcor Sicim LP • 521.7
6907027,63867859347,MRPP-AP 8 • NB • Ledcor Sicim LP • 418
6907029,87341599215,"MRPP-AP 24-A, MRPP-AP 24-B, MRPP-AP 24-C • NB • Ledcor Sicim LP • 435.9"
6907030,43006909057,MRPP-AP 23 • NB • Ledcor Sicim LP • 434.9
6907031,88385098243,MRPP-AP 21 • NB • Ledcor Sicim LP • 432.3
6907032,15565314213,MRPP-AP 20 • NB • Ledcor Sicim LP • 430.8
6907033,24425064561,MRPP-AP 19 • NB • Ledcor Sicim LP • 430
6907037,84619134024,MRPP-AP 13 • NB • Ledcor Sicim LP • 422.2
6907052,69253056052,"AP 3-B-13-A-2, AP 3-B-14-B • N/A • Ledcor Sicim LP • 514.5"
6907055,49837909751,AP 3-B-13-A-3 • SB • Ledcor Sicim LP • 517.5
6907057,98643424243,"AP 3-B-22-A-1, AP 3-B-23-A • N/A • Ledcor Sicim LP • 519.5"
6907067,36181764255,AP 3-C-45-A • SB • Ledcor Sicim LP • 541
6907078,89335857588,"AP 3-C-66-A, AP 3-C-67-A-1 • SB • Ledcor Sicim LP • 581.8"
6907081,17900926692,"AP 3-C-Hwy 5-7, AP 3-C-Hwy 5-8 • NB • Ledcor Sicim LP • 592.6"
6907093,86535045489,"AP 3-C-81-D-1, AP 3-C-81-D-2 • N/A • Ledcor Sicim LP • 610.8"
6907095,94801343162,AP 4-A-3.1-A • N/A • Ledcor Sicim LP • 611.6
6907096,57925721204,"AP 4-A-4-A-1, AP 4-A-4-A-2 • N/A • Ledcor Sicim LP • 611.8"
6907098,28356926891,"AP 4-A-1-A-1, AP 4-A-1-A-2 • SB • Ledcor Sicim LP • 612.3"
6907099,97600668102,"AP 4-A-5-A-1, AP 4-A-5-A-2 • SB • Ledcor Sicim LP • 612.6"
6907102,89365125267,AP 4-A-Hwy 5-11 • SB • Ledcor Sicim LP • 621.7
6907103,22527325942,AP 4-A-Hwy 5-12 • SB • Ledcor Sicim LP • 622.5
6907105,53971315200,AP 4-A-11-A • SB • Ledcor Sicim LP • 623.8
6907106,23186836356,AP 4-A-Hwy 5-14 • SB • Ledcor Sicim LP • 627.1
6907107,38194039865,AP 4-A-Hwy 5-15 • SB • Ledcor Sicim LP • 627.2
6907114,50686558234,"AP-4-A-151-A, AP-4-A-151-B • SB • Ledcor Sicim LP • 633"
9392273,51581990143,AP 4-B-112-A-2 • N/A • Ledcor Sicim LP • 723.9
